﻿<?xml version="1.0" encoding="utf-8"?>
<level width="25" height="23">
  <brick name="redBrick">
    <position x="13" y="9" />
  </brick>
  <brick name="god_brick">
    <position x="7" y="0" />
    <position x="7" y="1" />
    <position x="7" y="2" />
    <position x="7" y="3" />
    <position x="7" y="4" />
    <position x="7" y="5" />
    <position x="7" y="6" />
    <position x="7" y="7" />
    <position x="7" y="8" />
    <position x="7" y="9" />
    <position x="7" y="10" />
    <position x="7" y="11" />
    <position x="7" y="12" />
    <position x="7" y="13" />
    <position x="7" y="14" />
    <position x="7" y="15" />
    <position x="7" y="16" />
    <position x="7" y="17" />
    <position x="7" y="18" />
    <position x="7" y="19" />
    <position x="7" y="20" />
    <position x="7" y="21" />
    <position x="7" y="22" />
    <position x="8" y="0" />
    <position x="8" y="1" />
    <position x="8" y="2" />
    <position x="8" y="3" />
    <position x="8" y="4" />
    <position x="8" y="5" />
    <position x="8" y="6" />
    <position x="8" y="7" />
    <position x="8" y="8" />
    <position x="8" y="9" />
    <position x="8" y="10" />
    <position x="8" y="11" />
    <position x="8" y="12" />
    <position x="8" y="13" />
    <position x="8" y="14" />
    <position x="8" y="15" />
    <position x="8" y="16" />
    <position x="8" y="17" />
    <position x="8" y="18" />
    <position x="8" y="19" />
    <position x="8" y="20" />
    <position x="8" y="21" />
    <position x="8" y="22" />
    <position x="9" y="0" />
    <position x="9" y="1" />
    <position x="9" y="2" />
    <position x="9" y="3" />
    <position x="9" y="4" />
    <position x="9" y="5" />
    <position x="9" y="6" />
    <position x="9" y="7" />
    <position x="9" y="8" />
    <position x="9" y="9" />
    <position x="9" y="10" />
    <position x="9" y="11" />
    <position x="9" y="12" />
    <position x="9" y="13" />
    <position x="9" y="14" />
    <position x="9" y="15" />
    <position x="9" y="16" />
    <position x="9" y="17" />
    <position x="9" y="18" />
    <position x="9" y="19" />
    <position x="9" y="20" />
    <position x="9" y="21" />
    <position x="9" y="22" />
    <position x="10" y="0" />
    <position x="10" y="1" />
    <position x="10" y="2" />
    <position x="10" y="3" />
    <position x="10" y="4" />
    <position x="10" y="5" />
    <position x="10" y="6" />
    <position x="10" y="7" />
    <position x="10" y="8" />
    <position x="10" y="9" />
    <position x="10" y="10" />
    <position x="10" y="11" />
    <position x="10" y="12" />
    <position x="10" y="13" />
    <position x="10" y="14" />
    <position x="10" y="15" />
    <position x="10" y="16" />
    <position x="10" y="17" />
    <position x="10" y="18" />
    <position x="10" y="19" />
    <position x="10" y="20" />
    <position x="10" y="21" />
    <position x="10" y="22" />
    <position x="11" y="0" />
    <position x="11" y="1" />
    <position x="11" y="2" />
    <position x="11" y="3" />
    <position x="11" y="4" />
    <position x="11" y="5" />
    <position x="11" y="6" />
    <position x="11" y="7" />
    <position x="11" y="8" />
    <position x="11" y="9" />
    <position x="11" y="10" />
    <position x="11" y="11" />
    <position x="11" y="12" />
    <position x="11" y="13" />
    <position x="11" y="14" />
    <position x="11" y="15" />
    <position x="11" y="16" />
    <position x="11" y="17" />
    <position x="11" y="18" />
    <position x="11" y="19" />
    <position x="11" y="20" />
    <position x="11" y="21" />
    <position x="11" y="22" />
    <position x="12" y="0" />
    <position x="12" y="1" />
    <position x="12" y="2" />
    <position x="12" y="3" />
    <position x="12" y="4" />
    <position x="12" y="5" />
    <position x="12" y="6" />
    <position x="12" y="7" />
    <position x="12" y="8" />
    <position x="12" y="9" />
    <position x="12" y="10" />
    <position x="12" y="11" />
    <position x="12" y="12" />
    <position x="12" y="13" />
    <position x="12" y="14" />
    <position x="12" y="15" />
    <position x="12" y="16" />
    <position x="12" y="17" />
    <position x="12" y="18" />
    <position x="12" y="19" />
    <position x="12" y="20" />
    <position x="12" y="21" />
    <position x="12" y="22" />
    <position x="13" y="0" />
    <position x="13" y="1" />
    <position x="13" y="2" />
    <position x="13" y="3" />
    <position x="13" y="4" />
    <position x="13" y="5" />
    <position x="13" y="6" />
    <position x="13" y="7" />
    <position x="13" y="8" />
    <position x="13" y="10" />
    <position x="13" y="11" />
    <position x="13" y="12" />
    <position x="13" y="13" />
    <position x="13" y="14" />
    <position x="13" y="15" />
    <position x="13" y="16" />
    <position x="13" y="17" />
    <position x="13" y="18" />
    <position x="13" y="19" />
    <position x="13" y="20" />
    <position x="13" y="21" />
    <position x="13" y="22" />
    <position x="14" y="0" />
    <position x="14" y="1" />
    <position x="14" y="2" />
    <position x="14" y="3" />
    <position x="14" y="4" />
    <position x="14" y="5" />
    <position x="14" y="6" />
    <position x="14" y="7" />
    <position x="14" y="8" />
    <position x="14" y="9" />
    <position x="14" y="10" />
    <position x="14" y="11" />
    <position x="14" y="12" />
    <position x="14" y="13" />
    <position x="14" y="14" />
    <position x="14" y="15" />
    <position x="14" y="16" />
    <position x="14" y="17" />
    <position x="14" y="18" />
    <position x="14" y="19" />
    <position x="14" y="20" />
    <position x="14" y="21" />
    <position x="14" y="22" />
    <position x="15" y="0" />
    <position x="15" y="1" />
    <position x="15" y="2" />
    <position x="15" y="3" />
    <position x="15" y="4" />
    <position x="15" y="5" />
    <position x="15" y="6" />
    <position x="15" y="7" />
    <position x="15" y="8" />
    <position x="15" y="9" />
    <position x="15" y="10" />
    <position x="15" y="11" />
    <position x="15" y="12" />
    <position x="15" y="13" />
    <position x="15" y="14" />
    <position x="15" y="15" />
    <position x="15" y="16" />
    <position x="15" y="17" />
    <position x="15" y="18" />
    <position x="15" y="19" />
    <position x="15" y="20" />
    <position x="15" y="21" />
    <position x="15" y="22" />
    <position x="16" y="0" />
    <position x="16" y="1" />
    <position x="16" y="2" />
    <position x="16" y="3" />
    <position x="16" y="4" />
    <position x="16" y="5" />
    <position x="16" y="6" />
    <position x="16" y="7" />
    <position x="16" y="8" />
    <position x="16" y="9" />
    <position x="16" y="10" />
    <position x="16" y="11" />
    <position x="16" y="12" />
    <position x="16" y="13" />
    <position x="16" y="14" />
    <position x="16" y="15" />
    <position x="16" y="16" />
    <position x="16" y="17" />
    <position x="16" y="18" />
    <position x="16" y="19" />
    <position x="16" y="20" />
    <position x="16" y="21" />
    <position x="16" y="22" />
    <position x="17" y="0" />
    <position x="17" y="1" />
    <position x="17" y="2" />
    <position x="17" y="3" />
    <position x="17" y="4" />
    <position x="17" y="5" />
    <position x="17" y="6" />
    <position x="17" y="7" />
    <position x="17" y="8" />
    <position x="17" y="9" />
    <position x="17" y="10" />
    <position x="17" y="11" />
    <position x="17" y="12" />
    <position x="17" y="13" />
    <position x="17" y="14" />
    <position x="17" y="15" />
    <position x="17" y="16" />
    <position x="17" y="17" />
    <position x="17" y="18" />
    <position x="17" y="19" />
    <position x="17" y="20" />
    <position x="17" y="21" />
    <position x="17" y="22" />
    <position x="18" y="0" />
    <position x="18" y="1" />
    <position x="18" y="2" />
    <position x="18" y="3" />
    <position x="18" y="4" />
    <position x="18" y="5" />
    <position x="18" y="6" />
    <position x="18" y="7" />
    <position x="18" y="8" />
    <position x="18" y="9" />
    <position x="18" y="10" />
    <position x="18" y="11" />
    <position x="18" y="12" />
    <position x="18" y="13" />
    <position x="18" y="14" />
    <position x="18" y="15" />
    <position x="18" y="16" />
    <position x="18" y="17" />
    <position x="18" y="18" />
    <position x="18" y="19" />
    <position x="18" y="20" />
    <position x="18" y="21" />
    <position x="18" y="22" />
  </brick>
</level>