﻿<?xml version="1.0" encoding="utf-8"?>
<level width="25" height="23">
  <brick name="redBrick">
    <position x="3" y="9" />
    <position x="3" y="11" />
    <position x="4" y="8" />
    <position x="4" y="12" />
    <position x="5" y="7" />
    <position x="5" y="9" />
    <position x="5" y="11" />
    <position x="5" y="13" />
    <position x="7" y="5" />
    <position x="7" y="7" />
    <position x="7" y="13" />
    <position x="7" y="15" />
    <position x="8" y="5" />
    <position x="8" y="7" />
    <position x="8" y="13" />
    <position x="8" y="15" />
    <position x="9" y="5" />
    <position x="9" y="15" />
    <position x="10" y="5" />
    <position x="10" y="15" />
    <position x="11" y="5" />
    <position x="11" y="15" />
    <position x="12" y="5" />
    <position x="12" y="15" />
    <position x="13" y="5" />
    <position x="13" y="15" />
    <position x="14" y="5" />
    <position x="14" y="15" />
    <position x="15" y="5" />
    <position x="15" y="15" />
    <position x="16" y="5" />
    <position x="16" y="7" />
    <position x="16" y="13" />
    <position x="16" y="15" />
    <position x="17" y="5" />
    <position x="17" y="7" />
    <position x="17" y="13" />
    <position x="17" y="15" />
    <position x="19" y="7" />
    <position x="19" y="9" />
    <position x="19" y="11" />
    <position x="19" y="13" />
    <position x="20" y="8" />
    <position x="20" y="12" />
    <position x="21" y="9" />
    <position x="21" y="11" />
  </brick>
  <brick name="greenBrick">
    <position x="0" y="10" />
    <position x="1" y="10" />
    <position x="2" y="10" />
    <position x="3" y="10" />
    <position x="4" y="5" />
    <position x="4" y="10" />
    <position x="4" y="16" />
    <position x="5" y="5" />
    <position x="5" y="10" />
    <position x="5" y="16" />
    <position x="6" y="5" />
    <position x="6" y="6" />
    <position x="6" y="7" />
    <position x="6" y="8" />
    <position x="6" y="9" />
    <position x="6" y="11" />
    <position x="6" y="12" />
    <position x="6" y="13" />
    <position x="6" y="14" />
    <position x="6" y="15" />
    <position x="6" y="16" />
    <position x="7" y="9" />
    <position x="7" y="10" />
    <position x="7" y="11" />
    <position x="17" y="9" />
    <position x="17" y="10" />
    <position x="17" y="11" />
    <position x="18" y="5" />
    <position x="18" y="6" />
    <position x="18" y="7" />
    <position x="18" y="8" />
    <position x="18" y="9" />
    <position x="18" y="11" />
    <position x="18" y="12" />
    <position x="18" y="13" />
    <position x="18" y="14" />
    <position x="18" y="15" />
    <position x="18" y="16" />
    <position x="19" y="5" />
    <position x="19" y="10" />
    <position x="19" y="16" />
    <position x="20" y="5" />
    <position x="20" y="10" />
    <position x="20" y="16" />
    <position x="21" y="10" />
    <position x="22" y="10" />
    <position x="23" y="10" />
    <position x="24" y="10" />
  </brick>
  <brick name="yellowBrick">
    <position x="4" y="3" />
    <position x="5" y="2" />
    <position x="6" y="1" />
    <position x="7" y="0" />
    <position x="7" y="6" />
    <position x="7" y="14" />
    <position x="8" y="6" />
    <position x="8" y="14" />
    <position x="9" y="6" />
    <position x="9" y="14" />
    <position x="10" y="6" />
    <position x="10" y="7" />
    <position x="10" y="8" />
    <position x="10" y="9" />
    <position x="10" y="10" />
    <position x="10" y="11" />
    <position x="10" y="12" />
    <position x="10" y="13" />
    <position x="10" y="14" />
    <position x="11" y="6" />
    <position x="11" y="14" />
    <position x="12" y="6" />
    <position x="12" y="14" />
    <position x="13" y="6" />
    <position x="13" y="14" />
    <position x="14" y="6" />
    <position x="14" y="7" />
    <position x="14" y="8" />
    <position x="14" y="9" />
    <position x="14" y="10" />
    <position x="14" y="11" />
    <position x="14" y="12" />
    <position x="14" y="13" />
    <position x="14" y="14" />
    <position x="15" y="6" />
    <position x="15" y="14" />
    <position x="16" y="6" />
    <position x="16" y="14" />
    <position x="17" y="0" />
    <position x="17" y="6" />
    <position x="17" y="14" />
    <position x="18" y="1" />
    <position x="19" y="2" />
    <position x="20" y="3" />
  </brick>
  <brick name="explosiveBrick">
    <position x="4" y="9" />
    <position x="4" y="11" />
    <position x="5" y="3" />
    <position x="5" y="8" />
    <position x="5" y="12" />
    <position x="6" y="3" />
    <position x="6" y="10" />
    <position x="8" y="9" />
    <position x="8" y="10" />
    <position x="8" y="11" />
    <position x="16" y="9" />
    <position x="16" y="10" />
    <position x="16" y="11" />
    <position x="18" y="3" />
    <position x="18" y="10" />
    <position x="19" y="3" />
    <position x="19" y="8" />
    <position x="19" y="12" />
    <position x="20" y="9" />
    <position x="20" y="11" />
  </brick>
  <brick name="invisibleBrick">
    <position x="6" y="2" />
    <position x="7" y="1" />
    <position x="7" y="2" />
    <position x="7" y="4" />
    <position x="8" y="0" />
    <position x="8" y="1" />
    <position x="8" y="2" />
    <position x="8" y="4" />
    <position x="9" y="0" />
    <position x="9" y="1" />
    <position x="9" y="2" />
    <position x="9" y="4" />
    <position x="10" y="0" />
    <position x="10" y="1" />
    <position x="10" y="2" />
    <position x="10" y="4" />
    <position x="11" y="0" />
    <position x="11" y="1" />
    <position x="11" y="2" />
    <position x="11" y="4" />
    <position x="11" y="7" />
    <position x="11" y="8" />
    <position x="11" y="9" />
    <position x="11" y="10" />
    <position x="11" y="11" />
    <position x="11" y="12" />
    <position x="11" y="13" />
    <position x="12" y="0" />
    <position x="12" y="1" />
    <position x="12" y="2" />
    <position x="12" y="4" />
    <position x="12" y="7" />
    <position x="12" y="13" />
    <position x="13" y="0" />
    <position x="13" y="1" />
    <position x="13" y="2" />
    <position x="13" y="4" />
    <position x="13" y="7" />
    <position x="13" y="8" />
    <position x="13" y="9" />
    <position x="13" y="10" />
    <position x="13" y="11" />
    <position x="13" y="12" />
    <position x="13" y="13" />
    <position x="14" y="0" />
    <position x="14" y="1" />
    <position x="14" y="2" />
    <position x="14" y="4" />
    <position x="15" y="0" />
    <position x="15" y="1" />
    <position x="15" y="2" />
    <position x="15" y="4" />
    <position x="16" y="0" />
    <position x="16" y="1" />
    <position x="16" y="2" />
    <position x="16" y="4" />
    <position x="17" y="1" />
    <position x="17" y="2" />
    <position x="17" y="4" />
    <position x="18" y="2" />
  </brick>
  <brick name="doubleHitBrick">
    <position x="0" y="17" />
    <position x="1" y="17" />
    <position x="2" y="17" />
    <position x="3" y="17" />
    <position x="4" y="17" />
    <position x="5" y="17" />
    <position x="6" y="17" />
    <position x="7" y="16" />
    <position x="8" y="16" />
    <position x="9" y="16" />
    <position x="10" y="16" />
    <position x="11" y="16" />
    <position x="12" y="16" />
    <position x="13" y="16" />
    <position x="14" y="16" />
    <position x="15" y="16" />
    <position x="16" y="16" />
    <position x="17" y="16" />
    <position x="18" y="17" />
    <position x="19" y="17" />
    <position x="20" y="17" />
    <position x="21" y="17" />
    <position x="22" y="17" />
    <position x="23" y="17" />
    <position x="24" y="17" />
  </brick>
  <brick name="bonus_life">
    <position x="12" y="8" />
    <position x="12" y="9" />
    <position x="12" y="10" />
    <position x="12" y="11" />
    <position x="12" y="12" />
  </brick>
  <brick name="bonus_ammo">
    <position x="4" y="15" />
    <position x="5" y="15" />
    <position x="19" y="15" />
    <position x="20" y="15" />
  </brick>
  <brick name="instadeath_brick">
    <position x="5" y="14" />
    <position x="9" y="7" />
    <position x="9" y="8" />
    <position x="9" y="9" />
    <position x="9" y="10" />
    <position x="9" y="11" />
    <position x="9" y="12" />
    <position x="9" y="13" />
    <position x="15" y="7" />
    <position x="15" y="8" />
    <position x="15" y="9" />
    <position x="15" y="10" />
    <position x="15" y="11" />
    <position x="15" y="12" />
    <position x="15" y="13" />
    <position x="19" y="14" />
  </brick>
  <brick name="god_brick">
    <position x="7" y="3" />
    <position x="8" y="3" />
    <position x="9" y="3" />
    <position x="10" y="3" />
    <position x="11" y="3" />
    <position x="12" y="3" />
    <position x="13" y="3" />
    <position x="14" y="3" />
    <position x="15" y="3" />
    <position x="16" y="3" />
    <position x="17" y="3" />
  </brick>
</level>