<?xml version="1.0" encoding="utf-8"?>
<scenes>
    <scene id="default_main_menu" initialScene="true">
        <controls>
            <control type="imageControl" x="307" y="106" image="plexis6" />
	    <control type="versionLabel" x="934" y="750" font="green" />
            <control type="menuItemContainer">
                <containerItem type="menuItem" x="411" y="267" font="white" text="NEW GAME" selectedIndex="0" navigateTo="game" navigationArgs="new"/>
                <containerItem type="menuItem" x="411" y="301" font="white" text="OPTIONS" selectedIndex="1" navigateTo="options" navigationArgs="self"/>
                <containerItem type="menuItem" x="411" y="335" font="white" text="HIGH SCORES" selectedIndex="2" navigateTo="view_high_scores" navigationArgs="self"/>
                <containerItem type="menuItem" x="411" y="369" font="white" text="CREDITS" selectedIndex="3" navigateTo="credits" navigationArgs="self"/>
                <containerItem type="menuItem" x="411" y="403" font="white" text="EXIT" selectedIndex="4" navigateTo="terminate"/>
            </control>
	    </controls>
    </scene>
    <scene id="options">
        <controls>
            <control type="imageControl" x="268" y="106" image="options" />
            <control type="label" x="254" y="308" font="green" text="SOUND VOLUME" />
            <control type="label" x="397" y="343" font="green" text="FIRE" />
            <control type="label" x="380" y="378" font="green" text="PAUSE"/>
            <control type="menuItemContainer">
                <containerItem type="volumeSlider" x="505" y="317" length="74" selectedIndex="2" minimum="0" maximum="100" stepValue="5" optionsKey="soundVolume"/>  <!-- sound volume -->
                <containerItem type="keyConfigLabel" x="506" y="343" font="white" selectedIndex="3" optionsKey="fireKey" />
                <containerItem type="keyConfigLabel" x="506" y="378" font="white" selectedIndex="4" optionsKey="pauseKey" />
                <containerItem type="menuItem" x="350" y="536" font="white" text="BACK" selectedIndex="5" navigateTo="default_main_menu"/> 
            </control>
        </controls>
    </scene>
	<scene id="view_high_scores"> <!-- new high score -->
        <controls>
            <control type="imageControl" x="117" y="106" image="highscores" />   
            <control type="highScoreTable" x="287" y="267" rows="10">
            	<rows verticalSpacing="19">
               	    <column id="index" x="250" font="green" />
                    <column id="playerName" x="350" font="green" />
                    <column id="score" x="618" font="green" />
                </rows>
            </control>
            <control type="menuItemContainer">
                <containerItem type="menuItem" x="298" y="658" font="white" text="BACK" visible="false" selectedIndex="1" navigateTo="caller"/>
            </control>
        </controls>
    </scene>
    <scene id="game_over_view_high_scores"> <!-- new high score -->
        <controls>
            <control type="imageControl" x="117" y="106" image="highscores" />   
            <control type="highScoreTable" x="287" y="267" rows="10">
            	<rows verticalSpacing="19">
               	    <column id="index" x="250" font="green" />
                    <column id="playerName" x="350" font="green" />
                    <column id="score" x="618" font="green" />
                </rows>
            </control>
            <control type="menuItemContainer">
                <containerItem type="menuItem" x="298" y="658" font="white" text="BACK" visible="false" selectedIndex="1" navigateTo="default_main_menu"/>
            </control>
        </controls>
    </scene>
    <scene id="game_in_progress_view_high_scores"> <!-- new high score -->
        <controls>
            <control type="imageControl" x="117" y="106" image="highscores" />   
            <control type="highScoreTable" x="287" y="267" rows="10">
            	<rows verticalSpacing="19">
               	    <column id="index" x="250" font="green" />
                    <column id="playerName" x="350" font="green" />
                    <column id="score" x="618" font="green" />
                </rows>
            </control>
            <control type="menuItemContainer">
                <containerItem type="menuItem" x="298" y="658" font="white" text="BACK" visible="false" selectedIndex="1" navigateTo="game_in_progress_main_menu"/>
            </control>
        </controls>
    </scene>
    <scene id="credits">
        <controls>
            <control type="credits" descriptionFont="green" nameFont="white"/>
            <control type="menuItemContainer">
                <containerItem type="menuItem" x="476" y="590" font="white" text="BACK" selectedIndex="0" navigateTo="caller"/>
            </control>
        </controls>
    </scene>
    <scene id="game">
        <controls>
            <control type="gameView" mainMenu="game_in_progress_main_menu" highScorePrompt="enter_name_prompt"/>
        </controls>
    </scene>
    <scene id="game_in_progress_main_menu" initialScene="false">
        <controls>
            <control type="imageControl" x="307" y="106" image="plexis6" />
	        <control type="versionLabel" x="934" y="750" font="green" />
            <control type="menuItemContainer">
                <containerItem type="menuItem" x="411" y="267" font="white" text="RESUME GAME" selectedIndex="0" navigateTo="game" navigationArgs="resume" />
                <containerItem type="menuItem" x="411" y="301" font="white" text="NEW GAME" selectedIndex="1" navigateTo="new_game_prompt" navigationArgs="self"/>
                <containerItem type="menuItem" x="411" y="335" font="white" text="OPTIONS" selectedIndex="2" navigateTo="game_in_progress_options" navigationArgs="self"/>
                <containerItem type="menuItem" x="411" y="369" font="white" text="HIGH SCORES" selectedIndex="3" navigateTo="game_in_progress_view_high_scores" navigationArgs="self"/>
                <containerItem type="menuItem" x="411" y="403" font="white" text="CREDITS" selectedIndex="4" navigateTo="credits" navigationArgs="self"/>
                <containerItem type="menuItem" x="411" y="437" font="white" text="EXIT" selectedIndex="5" navigateTo="terminate"/>
            </control>
	    </controls>
    </scene>
    <scene id="new_game_prompt">
        <controls>
            <control type="label" x="215" y="275" font="green" text="ARE YOU SURE YOU WANT TO RESTART?" />
            <control type="menuItemContainer">
                <containerItem type="menuItem" x="485" y="334" font="white" text="YES" selectedIndex="1" navigateTo="game" navigationArgs="new" />
                <containerItem type="menuItem" x="494" y="368" font="white" text="NO" selectedIndex="0" navigateTo="caller" />    
        </control>
        </controls>
    </scene>
    <scene id="game_in_progress_options">
        <controls>
            <control type="imageControl" x="268" y="106" image="options" />
            <control type="label" x="254" y="308" font="green" text="SOUND VOLUME" />
             <control type="label" x="397" y="343" font="green" text="FIRE" />
            <control type="label" x="380" y="378" font="green" text="PAUSE"/>
            <control type="menuItemContainer">
                <containerItem type="volumeSlider" x="505" y="317" length="74" selectedIndex="2" minimum="0" maximum="100" stepValue="5" optionsKey="soundVolume"/>  
                <containerItem type="keyConfigLabel" x="506" y="343" font="white" selectedIndex="3" optionsKey="fireKey" />
                <containerItem type="keyConfigLabel" x="506" y="378" font="white" selectedIndex="4" optionsKey="pauseKey" />
                <containerItem type="menuItem" x="350" y="536" font="white" text="BACK" selectedIndex="5" navigateTo="game_in_progress_main_menu"/> 
            </control>
        </controls>
    </scene>
</scenes>
