﻿<?xml version="1.0" encoding="utf-8"?>
<level width="25" height="23">
  <brick name="redBrick">
    <position x="9" y="6" />
    <position x="9" y="7" />
    <position x="9" y="8" />
    <position x="9" y="10" />
    <position x="9" y="11" />
    <position x="9" y="12" />
    <position x="10" y="5" />
    <position x="10" y="12" />
    <position x="10" y="13" />
    <position x="11" y="5" />
    <position x="11" y="12" />
    <position x="11" y="13" />
    <position x="11" y="14" />
    <position x="12" y="4" />
    <position x="12" y="14" />
    <position x="13" y="14" />
    <position x="14" y="4" />
    <position x="14" y="14" />
    <position x="14" y="15" />
    <position x="15" y="15" />
    <position x="16" y="4" />
    <position x="16" y="16" />
    <position x="17" y="4" />
    <position x="18" y="16" />
    <position x="20" y="15" />
    <position x="20" y="16" />
    <position x="21" y="14" />
    <position x="21" y="15" />
    <position x="22" y="12" />
    <position x="22" y="13" />
    <position x="22" y="14" />
  </brick>
</level>