﻿<?xml version="1.0" encoding="utf-8"?>
<level width="25" height="23">
  <brick name="redBrick">
    <position x="2" y="9" />
    <position x="2" y="15" />
    <position x="3" y="8" />
    <position x="3" y="15" />
    <position x="4" y="7" />
    <position x="4" y="14" />
    <position x="5" y="7" />
    <position x="5" y="13" />
    <position x="6" y="7" />
    <position x="6" y="13" />
    <position x="7" y="7" />
    <position x="7" y="14" />
    <position x="8" y="8" />
    <position x="8" y="15" />
    <position x="9" y="9" />
    <position x="9" y="15" />
    <position x="15" y="9" />
    <position x="15" y="15" />
    <position x="16" y="8" />
    <position x="16" y="15" />
    <position x="17" y="7" />
    <position x="17" y="14" />
    <position x="18" y="7" />
    <position x="18" y="13" />
    <position x="19" y="7" />
    <position x="19" y="13" />
    <position x="20" y="7" />
    <position x="20" y="14" />
    <position x="21" y="8" />
    <position x="21" y="15" />
    <position x="22" y="9" />
    <position x="22" y="15" />
  </brick>
  <brick name="greenBrick">
    <position x="5" y="17" />
    <position x="6" y="18" />
    <position x="7" y="2" />
    <position x="7" y="3" />
    <position x="7" y="4" />
    <position x="7" y="17" />
    <position x="8" y="1" />
    <position x="8" y="5" />
    <position x="8" y="18" />
    <position x="9" y="0" />
    <position x="9" y="6" />
    <position x="9" y="18" />
    <position x="10" y="3" />
    <position x="10" y="7" />
    <position x="10" y="17" />
    <position x="11" y="4" />
    <position x="11" y="7" />
    <position x="11" y="8" />
    <position x="11" y="10" />
    <position x="11" y="12" />
    <position x="11" y="14" />
    <position x="11" y="16" />
    <position x="12" y="5" />
    <position x="12" y="6" />
    <position x="12" y="9" />
    <position x="12" y="11" />
    <position x="12" y="13" />
    <position x="12" y="15" />
    <position x="13" y="4" />
    <position x="13" y="7" />
    <position x="13" y="8" />
    <position x="13" y="10" />
    <position x="13" y="12" />
    <position x="13" y="14" />
    <position x="13" y="16" />
    <position x="14" y="3" />
    <position x="14" y="7" />
    <position x="14" y="17" />
    <position x="15" y="0" />
    <position x="15" y="6" />
    <position x="15" y="18" />
    <position x="16" y="1" />
    <position x="16" y="5" />
    <position x="16" y="18" />
    <position x="17" y="2" />
    <position x="17" y="3" />
    <position x="17" y="4" />
    <position x="17" y="17" />
    <position x="18" y="18" />
    <position x="19" y="17" />
  </brick>
  <brick name="yellowBrick">
    <position x="0" y="0" />
    <position x="0" y="1" />
    <position x="0" y="2" />
    <position x="0" y="3" />
    <position x="0" y="4" />
    <position x="0" y="5" />
    <position x="0" y="6" />
    <position x="0" y="7" />
    <position x="0" y="8" />
    <position x="1" y="0" />
    <position x="1" y="1" />
    <position x="1" y="2" />
    <position x="1" y="3" />
    <position x="1" y="4" />
    <position x="1" y="5" />
    <position x="1" y="6" />
    <position x="1" y="7" />
    <position x="2" y="0" />
    <position x="2" y="1" />
    <position x="2" y="2" />
    <position x="2" y="3" />
    <position x="2" y="4" />
    <position x="2" y="5" />
    <position x="3" y="0" />
    <position x="3" y="1" />
    <position x="3" y="2" />
    <position x="4" y="0" />
    <position x="4" y="1" />
    <position x="4" y="2" />
    <position x="5" y="0" />
    <position x="19" y="0" />
    <position x="20" y="0" />
    <position x="20" y="1" />
    <position x="20" y="2" />
    <position x="21" y="0" />
    <position x="21" y="1" />
    <position x="21" y="2" />
    <position x="22" y="0" />
    <position x="22" y="1" />
    <position x="22" y="2" />
    <position x="22" y="3" />
    <position x="22" y="4" />
    <position x="22" y="5" />
    <position x="23" y="0" />
    <position x="23" y="1" />
    <position x="23" y="2" />
    <position x="23" y="3" />
    <position x="23" y="4" />
    <position x="23" y="5" />
    <position x="23" y="6" />
    <position x="23" y="7" />
    <position x="24" y="0" />
    <position x="24" y="1" />
    <position x="24" y="2" />
    <position x="24" y="3" />
    <position x="24" y="4" />
    <position x="24" y="5" />
    <position x="24" y="6" />
    <position x="24" y="7" />
    <position x="24" y="8" />
  </brick>
</level>