﻿<?xml version="1.0" encoding="utf-8"?>
<level width="25" height="23">
  <brick name="redBrick">
    <position x="24" y="0" />
    <position x="0" y="0" />
    <position x="0" y="6" />
    <position x="1" y="0" />
    <position x="1" y="1" />
    <position x="1" y="2" />
    <position x="1" y="3" />
    <position x="1" y="4" />
    <position x="1" y="5" />
    <position x="1" y="6" />
    <position x="2" y="0" />
    <position x="2" y="6" />
  </brick>
  <brick name="greenBrick">
    <position x="4" y="0" />
    <position x="4" y="1" />
    <position x="4" y="2" />
    <position x="4" y="3" />
    <position x="4" y="4" />
    <position x="4" y="5" />
    <position x="4" y="6" />
    <position x="5" y="6" />
    <position x="6" y="6" />
    <position x="8" y="1" />
    <position x="8" y="2" />
    <position x="8" y="3" />
    <position x="8" y="4" />
    <position x="8" y="5" />
    <position x="9" y="0" />
    <position x="9" y="6" />
    <position x="10" y="0" />
    <position x="10" y="6" />
    <position x="11" y="1" />
    <position x="11" y="2" />
    <position x="11" y="3" />
    <position x="11" y="4" />
    <position x="11" y="5" />
    <position x="13" y="0" />
    <position x="13" y="1" />
    <position x="13" y="2" />
    <position x="13" y="3" />
    <position x="14" y="4" />
    <position x="14" y="5" />
    <position x="15" y="6" />
    <position x="16" y="4" />
    <position x="16" y="5" />
    <position x="17" y="0" />
    <position x="17" y="1" />
    <position x="17" y="2" />
    <position x="17" y="3" />
    <position x="19" y="0" />
    <position x="19" y="1" />
    <position x="19" y="2" />
    <position x="19" y="3" />
    <position x="19" y="4" />
    <position x="19" y="5" />
    <position x="19" y="6" />
    <position x="20" y="0" />
    <position x="20" y="3" />
    <position x="20" y="6" />
    <position x="21" y="0" />
    <position x="21" y="3" />
    <position x="21" y="6" />
  </brick>
  <brick name="yellowBrick">
    <position x="6" y="9" />
    <position x="6" y="10" />
    <position x="6" y="11" />
    <position x="7" y="11" />
    <position x="7" y="12" />
    <position x="7" y="13" />
    <position x="7" y="14" />
    <position x="7" y="15" />
    <position x="8" y="9" />
    <position x="8" y="10" />
    <position x="8" y="11" />
    <position x="10" y="10" />
    <position x="10" y="11" />
    <position x="10" y="12" />
    <position x="10" y="13" />
    <position x="10" y="14" />
    <position x="11" y="9" />
    <position x="11" y="15" />
    <position x="12" y="9" />
    <position x="12" y="15" />
    <position x="13" y="10" />
    <position x="13" y="11" />
    <position x="13" y="12" />
    <position x="13" y="13" />
    <position x="13" y="14" />
    <position x="15" y="9" />
    <position x="15" y="10" />
    <position x="15" y="11" />
    <position x="15" y="12" />
    <position x="15" y="13" />
    <position x="15" y="14" />
    <position x="15" y="15" />
    <position x="16" y="15" />
    <position x="17" y="9" />
    <position x="17" y="10" />
    <position x="17" y="11" />
    <position x="17" y="12" />
    <position x="17" y="13" />
    <position x="17" y="14" />
    <position x="17" y="15" />
  </brick>
</level>