﻿<?xml version="1.0" encoding="utf-8"?>
<level width="25" height="23">
  <brick name="redBrick">
    <position x="7" y="9" />
    <position x="7" y="10" />
    <position x="7" y="11" />
    <position x="8" y="7" />
    <position x="8" y="8" />
    <position x="8" y="9" />
    <position x="8" y="11" />
    <position x="8" y="12" />
    <position x="9" y="7" />
    <position x="9" y="12" />
    <position x="10" y="6" />
    <position x="10" y="13" />
    <position x="11" y="12" />
    <position x="11" y="13" />
    <position x="12" y="5" />
    <position x="12" y="6" />
    <position x="12" y="11" />
    <position x="12" y="12" />
    <position x="13" y="6" />
    <position x="13" y="7" />
    <position x="13" y="8" />
    <position x="13" y="9" />
    <position x="13" y="10" />
  </brick>
</level>