﻿<?xml version="1.0" encoding="utf-8"?>
<level width="25" height="23">
  <brick name="explosiveBrick">
    <position x="5" y="17" />
    <position x="6" y="17" />
    <position x="7" y="17" />
    <position x="8" y="17" />
    <position x="9" y="17" />
    <position x="10" y="17" />
    <position x="11" y="17" />
    <position x="12" y="17" />
    <position x="13" y="17" />
    <position x="14" y="17" />
    <position x="15" y="17" />
    <position x="16" y="17" />
    <position x="17" y="17" />
    <position x="18" y="17" />
  </brick>
  <brick name="bonus_life">
    <position x="0" y="15" />
    <position x="0" y="16" />
    <position x="1" y="15" />
    <position x="1" y="16" />
    <position x="2" y="15" />
    <position x="2" y="16" />
    <position x="3" y="15" />
    <position x="3" y="16" />
    <position x="4" y="15" />
    <position x="4" y="16" />
    <position x="5" y="15" />
    <position x="5" y="16" />
    <position x="6" y="15" />
    <position x="6" y="16" />
    <position x="7" y="15" />
    <position x="7" y="16" />
    <position x="8" y="15" />
    <position x="8" y="16" />
    <position x="9" y="16" />
    <position x="10" y="16" />
    <position x="11" y="16" />
    <position x="12" y="16" />
    <position x="13" y="16" />
    <position x="14" y="15" />
    <position x="14" y="16" />
    <position x="15" y="15" />
    <position x="15" y="16" />
    <position x="16" y="15" />
    <position x="16" y="16" />
    <position x="17" y="15" />
    <position x="17" y="16" />
    <position x="18" y="15" />
    <position x="18" y="16" />
    <position x="19" y="15" />
    <position x="19" y="16" />
    <position x="20" y="15" />
    <position x="20" y="16" />
    <position x="21" y="15" />
    <position x="21" y="16" />
    <position x="22" y="15" />
    <position x="22" y="16" />
    <position x="23" y="15" />
    <position x="23" y="16" />
    <position x="24" y="15" />
    <position x="24" y="16" />
  </brick>
  <brick name="bonus_ammo">
    <position x="0" y="13" />
    <position x="0" y="14" />
    <position x="1" y="13" />
    <position x="1" y="14" />
    <position x="2" y="13" />
    <position x="2" y="14" />
    <position x="3" y="13" />
    <position x="3" y="14" />
    <position x="4" y="13" />
    <position x="4" y="14" />
    <position x="5" y="13" />
    <position x="5" y="14" />
    <position x="6" y="13" />
    <position x="6" y="14" />
    <position x="7" y="13" />
    <position x="7" y="14" />
    <position x="8" y="13" />
    <position x="8" y="14" />
    <position x="9" y="13" />
    <position x="9" y="14" />
    <position x="9" y="15" />
    <position x="10" y="13" />
    <position x="10" y="14" />
    <position x="10" y="15" />
    <position x="11" y="13" />
    <position x="11" y="14" />
    <position x="11" y="15" />
    <position x="12" y="13" />
    <position x="12" y="14" />
    <position x="12" y="15" />
    <position x="13" y="13" />
    <position x="13" y="14" />
    <position x="13" y="15" />
    <position x="14" y="13" />
    <position x="14" y="14" />
    <position x="15" y="13" />
    <position x="15" y="14" />
    <position x="16" y="13" />
    <position x="16" y="14" />
    <position x="17" y="13" />
    <position x="17" y="14" />
    <position x="18" y="13" />
    <position x="18" y="14" />
    <position x="19" y="13" />
    <position x="19" y="14" />
    <position x="20" y="13" />
    <position x="20" y="14" />
    <position x="21" y="13" />
    <position x="21" y="14" />
    <position x="22" y="13" />
    <position x="22" y="14" />
    <position x="23" y="13" />
    <position x="23" y="14" />
    <position x="24" y="13" />
    <position x="24" y="14" />
  </brick>
  <brick name="instadeath_brick">
    <position x="0" y="12" />
    <position x="0" y="17" />
    <position x="0" y="18" />
    <position x="1" y="12" />
    <position x="1" y="17" />
    <position x="1" y="18" />
    <position x="2" y="12" />
    <position x="2" y="17" />
    <position x="2" y="18" />
    <position x="3" y="12" />
    <position x="3" y="17" />
    <position x="3" y="18" />
    <position x="4" y="12" />
    <position x="4" y="17" />
    <position x="4" y="18" />
    <position x="5" y="12" />
    <position x="5" y="18" />
    <position x="6" y="12" />
    <position x="6" y="18" />
    <position x="7" y="12" />
    <position x="7" y="18" />
    <position x="8" y="12" />
    <position x="8" y="18" />
    <position x="9" y="12" />
    <position x="9" y="18" />
    <position x="10" y="12" />
    <position x="10" y="18" />
    <position x="11" y="12" />
    <position x="11" y="18" />
    <position x="12" y="12" />
    <position x="12" y="18" />
    <position x="13" y="12" />
    <position x="13" y="18" />
    <position x="14" y="12" />
    <position x="14" y="18" />
    <position x="15" y="12" />
    <position x="15" y="18" />
    <position x="16" y="12" />
    <position x="16" y="18" />
    <position x="17" y="12" />
    <position x="17" y="18" />
    <position x="18" y="12" />
    <position x="18" y="18" />
    <position x="19" y="12" />
    <position x="19" y="17" />
    <position x="19" y="18" />
    <position x="20" y="12" />
    <position x="20" y="17" />
    <position x="20" y="18" />
    <position x="21" y="12" />
    <position x="21" y="17" />
    <position x="21" y="18" />
    <position x="22" y="12" />
    <position x="22" y="17" />
    <position x="22" y="18" />
    <position x="23" y="12" />
    <position x="23" y="17" />
    <position x="23" y="18" />
    <position x="24" y="12" />
    <position x="24" y="17" />
    <position x="24" y="18" />
  </brick>
</level>