﻿<?xml version="1.0" encoding="utf-8"?>
<entities>
    <entity type="brick" name="redBrick" image="red" hitCount="1" chanceOfPowerUp="7" points="10">
        <frame x="0" y="0" width="41" height="20">
            <boundingBox x="0" y="0" width="41" height="20"/>
        </frame>
    </entity>
    <entity type="brick" name="greenBrick" image="green" hitCount="1" chanceOfPowerUp="10" points="10">
        <frame x="0" y="0" width="41" height="20">
            <boundingBox x="0" y="0" width="41" height="20"/>
        </frame>
    </entity>
    <entity type="brick" name="yellowBrick" image="yellow" hitCount="1" chanceOfPowerUp="13" points="10">
        <frame x="0" y="0" width="41" height="20">
            <boundingBox x="0" y="0" width="41" height="20"/>
        </frame>
    </entity>
    <entity type="paddle" name="player" image="test_paddle">
	<frame x="0" y="0" width="142" height="16">
            <boundingBox x="0" y="0" width="142" height="16"/>
        </frame>
    </entity>
    <entity type="ball" name="defaultBall" image="default_ball">
        <frame x="0" y="0" width="10" height="10">
            <boundingBox x="0" y="0" width="10" height="10"/>
        </frame>
    </entity>
    <entity type="brick" name="explosiveBrick" image="explosive" hitCount="1" chanceOfPowerUp="0" points="10">
        <frame x="0" y="0" width="41" height="20">
            <boundingBox x="0" y="0" width="41" height="20"/>
        </frame>
    </entity>
    <entity type="brick" name="invisibleBrick" image="invisible" hitCount="2" chanceOfPowerUp="15" points="15">
        <frame x="0" y="0" width="41" height="20">
            <boundingBox x="0" y="0" width="41" height="20"/>
        </frame>
	<frame x="41" y="0" width="41" height="20">
            <boundingBox x="0" y="0" width="41" height="20"/>
        </frame>
    </entity>
    <entity type="brick" name="doubleHitBrick" image="doublehit" hitCount="2" chanceOfPowerUp="10" points="15">
        <frame x="0" y="0" width="41" height="20">
            <boundingBox x="0" y="0" width="41" height="20"/>
        </frame>
		<frame x="41" y="0" width="41" height="20">
            <boundingBox x="0" y="0" width="41" height="20"/>
        </frame>
    </entity>
    <entity type="powerup" name="laser_powerup" image="laser_powerup" duration="30" laserVelocity="-13" laserDamage="1">
		<frame x="0" y="0" width="32" height="32">
			<boundingBox x="0" y="0" width="32" height="32" />
		</frame>
    </entity>
    <entity type="powerup" name="instadeath_powerup" image="instadeath_powerup">
		<frame x="0" y="0" width="32" height="32">
			<boundingBox x="0" y="0" width="32" height="32" />
		</frame>
	</entity>
	<entity type="powerup" name="bp50_powerup" image="bp50_powerup" points="50">
		<frame x="0" y="0" width="59" height="21">
			<boundingBox x="0" y="0" width="59" height="21" />
		</frame>
	</entity>
	<entity type="powerup" name="bp100_powerup" image="bp100_powerup" points="100">
		<frame x="0" y="0" width="59" height="21">
			<boundingBox x="0" y="0" width="59" height="21" />
		</frame>
	</entity>
	<entity type="powerup" name="bp200_powerup" image="bp200_powerup" points="200">
		<frame x="0" y="0" width="59" height="21">
			<boundingBox x="0" y="0" width="59" height="21" />
		</frame>
	</entity>
	<entity type="powerup" name="bp500_powerup" image="bp500_powerup" points="500">
		<frame x="0" y="0" width="59" height="21">
			<boundingBox x="0" y="0" width="59" height="21" />
		</frame>
	</entity>
	<entity type="powerup" name="extralife_powerup" image="extralife_powerup" lives="1">
		<frame x="0" y="0" width="32" height="32">
			<boundingBox x="0" y="0" width="32" height="32" />
		</frame>
	</entity>
	<entity type="powerup_asset" name="laser" image="laser">
		<frame x="0" y="0" width="5" height="11">
			<boundingBox x="0" y="0" width="5" height="11" />
		</frame>
	</entity>
</entities>
