﻿<?xml version="1.0" encoding="utf-8"?>
<level width="25" height="23">
  <brick name="greenBrick">
    <position x="4" y="8" />
    <position x="4" y="9" />
    <position x="4" y="10" />
    <position x="4" y="11" />
    <position x="4" y="12" />
    <position x="4" y="13" />
    <position x="4" y="14" />
    <position x="4" y="15" />
    <position x="4" y="16" />
    <position x="5" y="8" />
    <position x="5" y="10" />
    <position x="5" y="11" />
    <position x="5" y="12" />
    <position x="5" y="13" />
    <position x="5" y="14" />
    <position x="5" y="15" />
    <position x="5" y="16" />
    <position x="6" y="8" />
    <position x="6" y="9" />
    <position x="6" y="11" />
    <position x="6" y="12" />
    <position x="6" y="13" />
    <position x="6" y="14" />
    <position x="6" y="15" />
    <position x="6" y="16" />
    <position x="7" y="8" />
    <position x="7" y="9" />
    <position x="7" y="10" />
    <position x="7" y="12" />
    <position x="7" y="13" />
    <position x="7" y="14" />
    <position x="7" y="15" />
    <position x="7" y="16" />
    <position x="8" y="8" />
    <position x="8" y="9" />
    <position x="8" y="10" />
    <position x="8" y="11" />
    <position x="8" y="13" />
    <position x="8" y="14" />
    <position x="8" y="15" />
    <position x="8" y="16" />
    <position x="9" y="8" />
    <position x="9" y="9" />
    <position x="9" y="10" />
    <position x="9" y="11" />
    <position x="9" y="12" />
    <position x="9" y="14" />
    <position x="9" y="15" />
    <position x="9" y="16" />
    <position x="10" y="8" />
    <position x="10" y="9" />
    <position x="10" y="10" />
    <position x="10" y="11" />
    <position x="10" y="12" />
    <position x="10" y="13" />
    <position x="10" y="16" />
    <position x="11" y="8" />
    <position x="11" y="9" />
    <position x="11" y="10" />
    <position x="11" y="11" />
    <position x="11" y="12" />
    <position x="11" y="13" />
    <position x="11" y="14" />
    <position x="11" y="16" />
    <position x="12" y="8" />
    <position x="12" y="9" />
    <position x="12" y="10" />
    <position x="12" y="11" />
    <position x="12" y="12" />
    <position x="12" y="13" />
    <position x="12" y="14" />
    <position x="13" y="8" />
    <position x="13" y="9" />
    <position x="13" y="10" />
    <position x="13" y="11" />
    <position x="13" y="12" />
    <position x="13" y="13" />
    <position x="13" y="14" />
    <position x="13" y="16" />
    <position x="14" y="8" />
    <position x="14" y="9" />
    <position x="14" y="10" />
    <position x="14" y="11" />
    <position x="14" y="12" />
    <position x="14" y="13" />
    <position x="14" y="16" />
    <position x="15" y="8" />
    <position x="15" y="9" />
    <position x="15" y="10" />
    <position x="15" y="11" />
    <position x="15" y="12" />
    <position x="15" y="14" />
    <position x="15" y="15" />
    <position x="15" y="16" />
    <position x="16" y="8" />
    <position x="16" y="9" />
    <position x="16" y="10" />
    <position x="16" y="11" />
    <position x="16" y="13" />
    <position x="16" y="14" />
    <position x="16" y="15" />
    <position x="16" y="16" />
    <position x="17" y="8" />
    <position x="17" y="9" />
    <position x="17" y="10" />
    <position x="17" y="12" />
    <position x="17" y="13" />
    <position x="17" y="14" />
    <position x="17" y="15" />
    <position x="17" y="16" />
    <position x="18" y="8" />
    <position x="18" y="9" />
    <position x="18" y="11" />
    <position x="18" y="12" />
    <position x="18" y="13" />
    <position x="18" y="14" />
    <position x="18" y="15" />
    <position x="18" y="16" />
    <position x="19" y="8" />
    <position x="19" y="10" />
    <position x="19" y="11" />
    <position x="19" y="12" />
    <position x="19" y="13" />
    <position x="19" y="14" />
    <position x="19" y="15" />
    <position x="19" y="16" />
    <position x="20" y="8" />
    <position x="20" y="9" />
    <position x="20" y="10" />
    <position x="20" y="11" />
    <position x="20" y="12" />
    <position x="20" y="13" />
    <position x="20" y="14" />
    <position x="20" y="15" />
    <position x="20" y="16" />
  </brick>
  <brick name="explosiveBrick">
    <position x="5" y="9" />
    <position x="6" y="10" />
    <position x="7" y="11" />
    <position x="8" y="12" />
    <position x="9" y="13" />
    <position x="10" y="14" />
    <position x="11" y="15" />
    <position x="12" y="16" />
    <position x="13" y="15" />
    <position x="14" y="14" />
    <position x="15" y="13" />
    <position x="16" y="12" />
    <position x="17" y="11" />
    <position x="18" y="10" />
    <position x="19" y="9" />
  </brick>
  <brick name="invisibleBrick">
    <position x="12" y="15" />
  </brick>
  <brick name="doubleHitBrick">
    <position x="0" y="22" />
    <position x="1" y="22" />
    <position x="2" y="22" />
    <position x="3" y="22" />
    <position x="4" y="22" />
    <position x="5" y="22" />
    <position x="6" y="22" />
    <position x="7" y="22" />
    <position x="8" y="22" />
    <position x="9" y="22" />
    <position x="10" y="15" />
    <position x="10" y="22" />
    <position x="11" y="22" />
    <position x="12" y="22" />
    <position x="13" y="22" />
    <position x="14" y="15" />
    <position x="14" y="22" />
    <position x="15" y="22" />
    <position x="16" y="22" />
    <position x="17" y="22" />
    <position x="18" y="22" />
    <position x="19" y="22" />
    <position x="20" y="22" />
    <position x="21" y="22" />
    <position x="22" y="22" />
    <position x="23" y="22" />
    <position x="24" y="22" />
  </brick>
</level>