﻿<?xml version="1.0" encoding="utf-8"?>
<level width="25" height="23">
  <brick name="redBrick">
    <position x="5" y="8" />
    <position x="5" y="9" />
    <position x="5" y="10" />
    <position x="6" y="7" />
    <position x="6" y="8" />
    <position x="6" y="11" />
    <position x="6" y="12" />
    <position x="7" y="7" />
    <position x="7" y="13" />
    <position x="8" y="13" />
    <position x="9" y="13" />
    <position x="11" y="13" />
    <position x="12" y="12" />
    <position x="13" y="11" />
    <position x="14" y="9" />
    <position x="14" y="10" />
    <position x="14" y="11" />
    <position x="14" y="12" />
    <position x="14" y="13" />
    <position x="15" y="9" />
    <position x="15" y="10" />
    <position x="15" y="13" />
    <position x="16" y="13" />
    <position x="17" y="13" />
    <position x="18" y="13" />
    <position x="19" y="12" />
    <position x="20" y="10" />
    <position x="20" y="11" />
    <position x="21" y="10" />
    <position x="22" y="9" />
    <position x="23" y="8" />
  </brick>
</level>