﻿<?xml version="1.0" encoding="utf-8"?>
<level width="25" height="23">
  <brick name="redBrick">
    <position x="0" y="0" />
    <position x="0" y="1" />
    <position x="0" y="2" />
    <position x="1" y="2" />
    <position x="1" y="3" />
    <position x="2" y="3" />
    <position x="2" y="4" />
    <position x="2" y="5" />
    <position x="3" y="5" />
    <position x="3" y="6" />
    <position x="3" y="7" />
    <position x="4" y="7" />
    <position x="4" y="8" />
    <position x="4" y="9" />
    <position x="5" y="9" />
    <position x="5" y="10" />
    <position x="6" y="10" />
    <position x="6" y="11" />
    <position x="7" y="11" />
    <position x="7" y="12" />
    <position x="8" y="12" />
    <position x="8" y="13" />
    <position x="9" y="14" />
    <position x="10" y="15" />
    <position x="11" y="15" />
    <position x="11" y="16" />
    <position x="12" y="16" />
    <position x="12" y="17" />
    <position x="13" y="17" />
    <position x="14" y="17" />
    <position x="14" y="18" />
    <position x="15" y="18" />
    <position x="16" y="18" />
    <position x="17" y="18" />
    <position x="17" y="19" />
    <position x="18" y="19" />
  </brick>
</level>