﻿<?xml version="1.0" encoding="utf-8"?>
<entities>
    <entity type="brick" name="redBrick" image="red" hitCount="1" chanceOfPowerUp="15" points="50">
        <frame x="0" y="0" width="41" height="20">
            <boundingBox x="0" y="0" width="41" height="20"/>
        </frame>
    </entity>
    <entity type="brick" name="greenBrick" image="green" hitCount="1" chanceOfPowerUp="15" points="50">
        <frame x="0" y="0" width="41" height="20">
            <boundingBox x="0" y="0" width="41" height="20"/>
        </frame>
    </entity>
    <entity type="brick" name="yellowBrick" image="yellow" hitCount="1" chanceOfPowerUp="15" points="50">
        <frame x="0" y="0" width="41" height="20">
            <boundingBox x="0" y="0" width="41" height="20"/>
        </frame>
    </entity>
    <entity type="paddle" name="player" image="test_paddle">
	<frame x="0" y="0" width="142" height="16">
            <boundingBox x="0" y="0" width="142" height="16"/>
        </frame>
    </entity>
    <entity type="ball" name="defaultBall" image="default_ball">
        <frame x="0" y="0" width="10" height="10">
            <boundingBox x="0" y="0" width="10" height="10"/>
        </frame>
    </entity>
</entities>